p_val,avg_logFC,pct.1,pct.2,p_val_adj,gene,diff,celltype,seqnames,start,end,width,strand,rsID,tx_id,tx_biotype,tx_id_version,gc_content,gene_id
8.33072544512274e-138,-0.147496108471842,0.983,0.987,3.0085581872516297e-133,ANK3,-0.004,ODC,10,60025913,60025913,1,*,rs7085274,ENST00000280772,protein_coding,ENST00000280772.7,42.8227275398084,ENSG00000151150
1.4606857107063097e-43,-0.110623789489926,0.679,0.71,5.27512037564475e-39,CASTOR3,-0.0309999999999999,ODC,7,100200169,100200169,1,*,rs13230744,ENST00000328453,processed_transcript,ENST00000328453.9,54.4242768009075,ENSG00000239521
1.4606857107063097e-43,-0.110623789489926,0.679,0.71,5.27512037564475e-39,CASTOR3,-0.0309999999999999,ODC,7,100200169,100200169,1,*,rs13230744,ENST00000543273,processed_transcript,ENST00000543273.5,55.0352112676056,ENSG00000239521
1.4606857107063097e-43,-0.110623789489926,0.679,0.71,5.27512037564475e-39,CASTOR3,-0.0309999999999999,ODC,7,100200169,100200169,1,*,rs13230744,ENST00000649671,processed_transcript,ENST00000649671.1,54.8422597212032,ENSG00000239521
1.4606857107063097e-43,-0.110623789489926,0.679,0.71,5.27512037564475e-39,CASTOR3,-0.0309999999999999,ODC,7,100202222,100202222,1,*,rs1043915,ENST00000440058,processed_transcript,ENST00000440058.5,54.3321299638989,ENSG00000239521
1.4606857107063097e-43,-0.110623789489926,0.679,0.71,5.27512037564475e-39,CASTOR3,-0.0309999999999999,ODC,7,100202222,100202222,1,*,rs1043915,ENST00000437485,processed_transcript,ENST00000437485.5,55.7562076749436,ENSG00000239521
1.4606857107063097e-43,-0.110623789489926,0.679,0.71,5.27512037564475e-39,CASTOR3,-0.0309999999999999,ODC,7,100202222,100202222,1,*,rs1043915,ENST00000454084,processed_transcript,ENST00000454084.5,62.1359223300971,ENSG00000239521
1.4606857107063097e-43,-0.110623789489926,0.679,0.71,5.27512037564475e-39,CASTOR3,-0.0309999999999999,ODC,7,100221954,100221954,1,*,rs858505,ENST00000647868,transcribed_unprocessed_pseudogene,ENST00000647868.1,58.2831325301205,ENSG00000239521
1.4606857107063097e-43,-0.110623789489926,0.679,0.71,5.27512037564475e-39,CASTOR3,-0.0309999999999999,ODC,7,100221954,100221954,1,*,rs858505,ENST00000538588,processed_transcript,ENST00000538588.2,59.0664272890485,ENSG00000239521
1.4606857107063097e-43,-0.110623789489926,0.679,0.71,5.27512037564475e-39,CASTOR3,-0.0309999999999999,ODC,7,100222427,100222427,1,*,rs858506,ENST00000647868,transcribed_unprocessed_pseudogene,ENST00000647868.1,58.2831325301205,ENSG00000239521
1.4606857107063097e-43,-0.110623789489926,0.679,0.71,5.27512037564475e-39,CASTOR3,-0.0309999999999999,ODC,7,100222427,100222427,1,*,rs858506,ENST00000538588,processed_transcript,ENST00000538588.2,59.0664272890485,ENSG00000239521
8.636284031650219e-44,-0.317744635053492,0.832,0.908,3.11890761519016e-39,SORL1,-0.0760000000000001,MG,11,121589615,121589615,1,*,rs12272618,ENST00000527934,protein_coding,ENST00000527934.1,48.7467018469657,ENSG00000137642
8.636284031650219e-44,-0.317744635053492,0.832,0.908,3.11890761519016e-39,SORL1,-0.0760000000000001,MG,11,121590137,121590137,1,*,rs2276412,ENST00000527934,protein_coding,ENST00000527934.1,48.7467018469657,ENSG00000137642
8.636284031650219e-44,-0.317744635053492,0.832,0.908,3.11890761519016e-39,SORL1,-0.0760000000000001,MG,11,121590240,121590240,1,*,rs77819448,ENST00000527934,protein_coding,ENST00000527934.1,48.7467018469657,ENSG00000137642
1.3118993734134199e-30,-0.239802874214308,0.857,0.901,4.73779339714521e-26,INPP5D,-0.044,MG,2,233160866,233160866,1,*,rs28459768,ENST00000415617,protein_coding,ENST00000415617.5,56.4498346196251,ENSG00000168918
1.3118993734134199e-30,-0.239802874214308,0.857,0.901,4.73779339714521e-26,INPP5D,-0.044,MG,2,233160866,233160866,1,*,rs28459768,ENST00000493078,retained_intron,ENST00000493078.1,56.857855361596,ENSG00000168918
1.3118993734134199e-30,-0.239802874214308,0.857,0.901,4.73779339714521e-26,INPP5D,-0.044,MG,2,233161118,233161118,1,*,rs28478933,ENST00000415617,protein_coding,ENST00000415617.5,56.4498346196251,ENSG00000168918
1.3118993734134199e-30,-0.239802874214308,0.857,0.901,4.73779339714521e-26,INPP5D,-0.044,MG,2,233161118,233161118,1,*,rs28478933,ENST00000493078,retained_intron,ENST00000493078.1,56.857855361596,ENSG00000168918
1.3118993734134199e-30,-0.239802874214308,0.857,0.901,4.73779339714521e-26,INPP5D,-0.044,MG,2,233161165,233161165,1,*,rs28429042,ENST00000415617,protein_coding,ENST00000415617.5,56.4498346196251,ENSG00000168918
1.3118993734134199e-30,-0.239802874214308,0.857,0.901,4.73779339714521e-26,INPP5D,-0.044,MG,2,233161165,233161165,1,*,rs28429042,ENST00000493078,retained_intron,ENST00000493078.1,56.857855361596,ENSG00000168918
1.3118993734134199e-30,-0.239802874214308,0.857,0.901,4.73779339714521e-26,INPP5D,-0.044,MG,2,233161334,233161334,1,*,rs28631646,ENST00000415617,protein_coding,ENST00000415617.5,56.4498346196251,ENSG00000168918
1.3118993734134199e-30,-0.239802874214308,0.857,0.901,4.73779339714521e-26,INPP5D,-0.044,MG,2,233161334,233161334,1,*,rs28631646,ENST00000493078,retained_intron,ENST00000493078.1,56.857855361596,ENSG00000168918
1.3118993734134199e-30,-0.239802874214308,0.857,0.901,4.73779339714521e-26,INPP5D,-0.044,MG,2,233161396,233161396,1,*,rs28539971,ENST00000415617,protein_coding,ENST00000415617.5,56.4498346196251,ENSG00000168918
1.3118993734134199e-30,-0.239802874214308,0.857,0.901,4.73779339714521e-26,INPP5D,-0.044,MG,2,233161396,233161396,1,*,rs28539971,ENST00000493078,retained_intron,ENST00000493078.1,56.857855361596,ENSG00000168918
1.3118993734134199e-30,-0.239802874214308,0.857,0.901,4.73779339714521e-26,INPP5D,-0.044,MG,2,233161439,233161439,1,*,rs35877172,ENST00000415617,protein_coding,ENST00000415617.5,56.4498346196251,ENSG00000168918
1.3118993734134199e-30,-0.239802874214308,0.857,0.901,4.73779339714521e-26,INPP5D,-0.044,MG,2,233161439,233161439,1,*,rs35877172,ENST00000493078,retained_intron,ENST00000493078.1,56.857855361596,ENSG00000168918
1.3118993734134199e-30,-0.239802874214308,0.857,0.901,4.73779339714521e-26,INPP5D,-0.044,MG,2,233161525,233161525,1,*,rs28605534,ENST00000415617,protein_coding,ENST00000415617.5,56.4498346196251,ENSG00000168918
1.3118993734134199e-30,-0.239802874214308,0.857,0.901,4.73779339714521e-26,INPP5D,-0.044,MG,2,233161525,233161525,1,*,rs28605534,ENST00000493078,retained_intron,ENST00000493078.1,56.857855361596,ENSG00000168918
1.3118993734134199e-30,-0.239802874214308,0.857,0.901,4.73779339714521e-26,INPP5D,-0.044,MG,2,233161544,233161544,1,*,rs28609111,ENST00000415617,protein_coding,ENST00000415617.5,56.4498346196251,ENSG00000168918
1.3118993734134199e-30,-0.239802874214308,0.857,0.901,4.73779339714521e-26,INPP5D,-0.044,MG,2,233161544,233161544,1,*,rs28609111,ENST00000493078,retained_intron,ENST00000493078.1,56.857855361596,ENSG00000168918
1.3118993734134199e-30,-0.239802874214308,0.857,0.901,4.73779339714521e-26,INPP5D,-0.044,MG,2,233161587,233161587,1,*,rs28576692,ENST00000415617,protein_coding,ENST00000415617.5,56.4498346196251,ENSG00000168918
1.3118993734134199e-30,-0.239802874214308,0.857,0.901,4.73779339714521e-26,INPP5D,-0.044,MG,2,233161587,233161587,1,*,rs28576692,ENST00000493078,retained_intron,ENST00000493078.1,56.857855361596,ENSG00000168918
1.3118993734134199e-30,-0.239802874214308,0.857,0.901,4.73779339714521e-26,INPP5D,-0.044,MG,2,233168594,233168594,1,*,rs7581787,ENST00000493632,retained_intron,ENST00000493632.5,53.027139874739,ENSG00000168918
1.3118993734134199e-30,-0.239802874214308,0.857,0.901,4.73779339714521e-26,INPP5D,-0.044,MG,2,233169936,233169936,1,*,rs10754947,ENST00000480983,retained_intron,ENST00000480983.1,52.3917995444191,ENSG00000168918
1.3118993734134199e-30,-0.239802874214308,0.857,0.901,4.73779339714521e-26,INPP5D,-0.044,MG,2,233169936,233169936,1,*,rs10754947,ENST00000465281,retained_intron,ENST00000465281.1,55.8098591549296,ENSG00000168918
3.8630124881e-7,0.202523388560197,0.226,0.158,0.013950883299657,MS4A4A,0.068,MG,11,60185840,60185840,1,*,rs1820430,ENST00000680560,nonsense_mediated_decay,ENST00000680560.1,40.8707865168539,ENSG00000110079
3.8630124881e-7,0.202523388560197,0.226,0.158,0.013950883299657,MS4A4A,0.068,MG,11,60185840,60185840,1,*,rs1820430,ENST00000680537,protein_coding,ENST00000680537.1,42.0877290394225,ENSG00000110079
3.8630124881e-7,0.202523388560197,0.226,0.158,0.013950883299657,MS4A4A,0.068,MG,11,60185840,60185840,1,*,rs1820430,ENST00000680757,protein_coding,ENST00000680757.1,41.1064842355741,ENSG00000110079
3.8630124881e-7,0.202523388560197,0.226,0.158,0.013950883299657,MS4A4A,0.068,MG,11,60184843,60184843,1,*,rs55661415,ENST00000680935,protein_coding,ENST00000680935.1,43.2375979112272,ENSG00000110079
3.8630124881e-7,0.202523388560197,0.226,0.158,0.013950883299657,MS4A4A,0.068,MG,11,60184843,60184843,1,*,rs55661415,ENST00000679553,protein_coding,ENST00000679553.1,43.1086519114688,ENSG00000110079
3.8630124881e-7,0.202523388560197,0.226,0.158,0.013950883299657,MS4A4A,0.068,MG,11,60184843,60184843,1,*,rs55661415,ENST00000681406,protein_coding,ENST00000681406.1,43.338861249309,ENSG00000110079
3.8630124881e-7,0.202523388560197,0.226,0.158,0.013950883299657,MS4A4A,0.068,MG,11,60184843,60184843,1,*,rs55661415,ENST00000680301,protein_coding,ENST00000680301.1,47.114556416882,ENSG00000110079
3.8630124881e-7,0.202523388560197,0.226,0.158,0.013950883299657,MS4A4A,0.068,MG,11,60184843,60184843,1,*,rs55661415,ENST00000679385,protein_coding,ENST00000679385.1,42.0666290231508,ENSG00000110079
3.8630124881e-7,0.202523388560197,0.226,0.158,0.013950883299657,MS4A4A,0.068,MG,11,60184843,60184843,1,*,rs55661415,ENST00000649552,protein_coding,ENST00000649552.2,45.6466610312764,ENSG00000110079
3.8630124881e-7,0.202523388560197,0.226,0.158,0.013950883299657,MS4A4A,0.068,MG,11,60184843,60184843,1,*,rs55661415,ENST00000681288,protein_coding,ENST00000681288.1,42.5660792951542,ENSG00000110079
3.8630124881e-7,0.202523388560197,0.226,0.158,0.013950883299657,MS4A4A,0.068,MG,11,60279614,60279614,1,*,rs61897948,ENST00000532114,protein_coding,ENST00000532114.6,40.6586021505376,ENSG00000110079
3.8630124881e-7,0.202523388560197,0.226,0.158,0.013950883299657,MS4A4A,0.068,MG,11,60279614,60279614,1,*,rs61897948,ENST00000529991,retained_intron,ENST00000529991.2,39.7195253505933,ENSG00000110079
3.8630124881e-7,0.202523388560197,0.226,0.158,0.013950883299657,MS4A4A,0.068,MG,11,60279614,60279614,1,*,rs61897948,ENST00000679988,protein_coding,ENST00000679988.1,39.2684610075914,ENSG00000110079
3.8630124881e-7,0.202523388560197,0.226,0.158,0.013950883299657,MS4A4A,0.068,MG,11,60280029,60280029,1,*,rs3758866,ENST00000532114,protein_coding,ENST00000532114.6,40.6586021505376,ENSG00000110079
3.8630124881e-7,0.202523388560197,0.226,0.158,0.013950883299657,MS4A4A,0.068,MG,11,60280029,60280029,1,*,rs3758866,ENST00000529991,retained_intron,ENST00000529991.2,39.7195253505933,ENSG00000110079
3.8630124881e-7,0.202523388560197,0.226,0.158,0.013950883299657,MS4A4A,0.068,MG,11,60280029,60280029,1,*,rs3758866,ENST00000679988,protein_coding,ENST00000679988.1,39.2684610075914,ENSG00000110079
3.8630124881e-7,0.202523388560197,0.226,0.158,0.013950883299657,MS4A4A,0.068,MG,11,60280029,60280029,1,*,rs3758866,ENST00000343968,nonsense_mediated_decay,ENST00000343968.8,39.9761336515513,ENSG00000110079
3.8630124881e-7,0.202523388560197,0.226,0.158,0.013950883299657,MS4A4A,0.068,MG,11,60280029,60280029,1,*,rs3758866,ENST00000529950,nonsense_mediated_decay,ENST00000529950.2,39.8593200468933,ENSG00000110079
3.8630124881e-7,0.202523388560197,0.226,0.158,0.013950883299657,MS4A4A,0.068,MG,11,60280029,60280029,1,*,rs3758866,ENST00000681157,nonsense_mediated_decay,ENST00000681157.1,39.875173370319,ENSG00000110079
3.8630124881e-7,0.202523388560197,0.226,0.158,0.013950883299657,MS4A4A,0.068,MG,11,60280029,60280029,1,*,rs3758866,ENST00000337908,protein_coding,ENST00000337908.5,40.2759526938239,ENSG00000110079
3.8630124881e-7,0.202523388560197,0.226,0.158,0.013950883299657,MS4A4A,0.068,MG,11,60280029,60280029,1,*,rs3758866,ENST00000527056,nonsense_mediated_decay,ENST00000527056.5,42.7732079905993,ENSG00000110079
1.13469006301e-6,-0.188018239168887,0.25,0.316,0.0409781969356608,HLA-DRA,-0.066,MG,6,32439030,32439030,1,*,rs3763322,ENST00000374982,protein_coding,ENST00000374982.5,47.2198460222412,ENSG00000204287
1.13469006301e-6,-0.188018239168887,0.25,0.316,0.0409781969356608,HLA-DRA,-0.066,MG,6,32439030,32439030,1,*,rs3763322,ENST00000395388,protein_coding,ENST00000395388.7,47.6923076923077,ENSG00000204287
4.56391e-12,-0.119941330845053,0.693,0.704,1.6482114463e-7,FNBP4,-0.011,INH,11,47715949,47715949,1,*,rs11039355,ENST00000263773,protein_coding,ENST00000263773.10,45.5018587360595,ENSG00000109920
4.56391e-12,-0.119941330845053,0.693,0.704,1.6482114463e-7,FNBP4,-0.011,INH,11,47731223,47731223,1,*,rs17788930,ENST00000529156,processed_transcript,ENST00000529156.1,37.7906976744186,ENSG00000109920
4.56391e-12,-0.119941330845053,0.693,0.704,1.6482114463e-7,FNBP4,-0.011,INH,11,47731223,47731223,1,*,rs17788930,ENST00000524696,processed_transcript,ENST00000524696.1,44.4906444906445,ENSG00000109920
4.56391e-12,-0.119941330845053,0.693,0.704,1.6482114463e-7,FNBP4,-0.011,INH,11,47731223,47731223,1,*,rs17788930,ENST00000528388,processed_transcript,ENST00000528388.5,39.3120393120393,ENSG00000109920
4.56391e-12,-0.119941330845053,0.693,0.704,1.6482114463e-7,FNBP4,-0.011,INH,11,47731223,47731223,1,*,rs17788930,ENST00000534003,processed_transcript,ENST00000534003.5,46.2027833001988,ENSG00000109920
1.8602961455258698e-19,-0.135537526249561,0.86,0.874,6.7182734999521205e-15,SORL1,-0.014,EX,11,121589615,121589615,1,*,rs12272618,ENST00000527934,protein_coding,ENST00000527934.1,48.7467018469657,ENSG00000137642
1.8602961455258698e-19,-0.135537526249561,0.86,0.874,6.7182734999521205e-15,SORL1,-0.014,EX,11,121590137,121590137,1,*,rs2276412,ENST00000527934,protein_coding,ENST00000527934.1,48.7467018469657,ENSG00000137642
1.8602961455258698e-19,-0.135537526249561,0.86,0.874,6.7182734999521205e-15,SORL1,-0.014,EX,11,121590240,121590240,1,*,rs77819448,ENST00000527934,protein_coding,ENST00000527934.1,48.7467018469657,ENSG00000137642
3.3319e-13,-0.101769301622257,0.427,0.524,1.20328999e-8,DOC2A,-0.097,EX,16,30010081,30010081,1,*,rs1140239,ENST00000570194,processed_transcript,ENST00000570194.6,55.2795031055901,ENSG00000149927
5.0124170729e-7,-0.111488341367338,0.469,0.538,0.0181018430174088,CTSB,-0.0690000000000001,EX,8,11844613,11844613,1,*,rs1065712,ENST00000530296,protein_coding,ENST00000530296.6,56.7901234567901,ENSG00000164733
5.0124170729e-7,-0.111488341367338,0.469,0.538,0.0181018430174088,CTSB,-0.0690000000000001,EX,8,11844613,11844613,1,*,rs1065712,ENST00000527243,protein_coding,ENST00000527243.6,56.7702552719201,ENSG00000164733
1.01436954018584e-26,-0.274516279008954,0.499,0.595,3.66329415742715e-22,APOE,-0.096,ASC,19,44905579,44905579,1,*,rs405509,ENST00000446996,protein_coding,ENST00000446996.5,67.9782903663501,ENSG00000130203
1.01436954018584e-26,-0.274516279008954,0.499,0.595,3.66329415742715e-22,APOE,-0.096,ASC,19,44905579,44905579,1,*,rs405509,ENST00000485628,retained_intron,ENST00000485628.2,56.9390402075227,ENSG00000130203
1.01436954018584e-26,-0.274516279008954,0.499,0.595,3.66329415742715e-22,APOE,-0.096,ASC,19,44905579,44905579,1,*,rs405509,ENST00000252486,protein_coding,ENST00000252486.9,69.0394511149228,ENSG00000130203
1.01436954018584e-26,-0.274516279008954,0.499,0.595,3.66329415742715e-22,APOE,-0.096,ASC,19,44905579,44905579,1,*,rs405509,ENST00000434152,protein_coding,ENST00000434152.5,69.212962962963,ENSG00000130203
1.01436954018584e-26,-0.274516279008954,0.499,0.595,3.66329415742715e-22,APOE,-0.096,ASC,19,44905579,44905579,1,*,rs405509,ENST00000425718,protein_coding,ENST00000425718.1,65.6554712892741,ENSG00000130203
1.01436954018584e-26,-0.274516279008954,0.499,0.595,3.66329415742715e-22,APOE,-0.096,ASC,19,44905307,44905307,1,*,rs449647,ENST00000446996,protein_coding,ENST00000446996.5,67.9782903663501,ENSG00000130203
1.01436954018584e-26,-0.274516279008954,0.499,0.595,3.66329415742715e-22,APOE,-0.096,ASC,19,44905307,44905307,1,*,rs449647,ENST00000485628,retained_intron,ENST00000485628.2,56.9390402075227,ENSG00000130203
1.01436954018584e-26,-0.274516279008954,0.499,0.595,3.66329415742715e-22,APOE,-0.096,ASC,19,44905307,44905307,1,*,rs449647,ENST00000252486,protein_coding,ENST00000252486.9,69.0394511149228,ENSG00000130203
1.01436954018584e-26,-0.274516279008954,0.499,0.595,3.66329415742715e-22,APOE,-0.096,ASC,19,44905307,44905307,1,*,rs449647,ENST00000434152,protein_coding,ENST00000434152.5,69.212962962963,ENSG00000130203
1.01436954018584e-26,-0.274516279008954,0.499,0.595,3.66329415742715e-22,APOE,-0.096,ASC,19,44905371,44905371,1,*,rs769446,ENST00000446996,protein_coding,ENST00000446996.5,67.9782903663501,ENSG00000130203
1.01436954018584e-26,-0.274516279008954,0.499,0.595,3.66329415742715e-22,APOE,-0.096,ASC,19,44905371,44905371,1,*,rs769446,ENST00000485628,retained_intron,ENST00000485628.2,56.9390402075227,ENSG00000130203
1.01436954018584e-26,-0.274516279008954,0.499,0.595,3.66329415742715e-22,APOE,-0.096,ASC,19,44905371,44905371,1,*,rs769446,ENST00000252486,protein_coding,ENST00000252486.9,69.0394511149228,ENSG00000130203
1.01436954018584e-26,-0.274516279008954,0.499,0.595,3.66329415742715e-22,APOE,-0.096,ASC,19,44905371,44905371,1,*,rs769446,ENST00000434152,protein_coding,ENST00000434152.5,69.212962962963,ENSG00000130203
1.01436954018584e-26,-0.274516279008954,0.499,0.595,3.66329415742715e-22,APOE,-0.096,ASC,19,44905371,44905371,1,*,rs769446,ENST00000425718,protein_coding,ENST00000425718.1,65.6554712892741,ENSG00000130203
1.01436954018584e-26,-0.274516279008954,0.499,0.595,3.66329415742715e-22,APOE,-0.096,ASC,19,44905910,44905910,1,*,rs440446,ENST00000425718,protein_coding,ENST00000425718.1,65.6554712892741,ENSG00000130203
1.01436954018584e-26,-0.274516279008954,0.499,0.595,3.66329415742715e-22,APOE,-0.096,ASC,19,44906322,44906322,1,*,rs769448,ENST00000425718,protein_coding,ENST00000425718.1,65.6554712892741,ENSG00000130203
9.24793132e-9,-0.117718826002274,0.204,0.277,3.3397979200351e-4,OARD1,-0.073,ASC,6,41066261,41066261,1,*,rs114812713,ENST00000463088,protein_coding,ENST00000463088.5,43.036303630363,ENSG00000124596
9.24793132e-9,-0.117718826002274,0.204,0.277,3.3397979200351e-4,OARD1,-0.073,ASC,6,41066261,41066261,1,*,rs114812713,ENST00000373154,protein_coding,ENST00000373154.6,44.9069973427812,ENSG00000124596
9.24793132e-9,-0.117718826002274,0.204,0.277,3.3397979200351e-4,OARD1,-0.073,ASC,6,41066261,41066261,1,*,rs114812713,ENST00000628419,protein_coding,ENST00000628419.2,45.6228956228956,ENSG00000124596
9.24793132e-9,-0.117718826002274,0.204,0.277,3.3397979200351e-4,OARD1,-0.073,ASC,6,41066261,41066261,1,*,rs114812713,ENST00000480585,protein_coding,ENST00000480585.5,42.8226779252111,ENSG00000124596
9.24793132e-9,-0.117718826002274,0.204,0.277,3.3397979200351e-4,OARD1,-0.073,ASC,6,41066261,41066261,1,*,rs114812713,ENST00000482515,protein_coding,ENST00000482515.5,50.6009615384615,ENSG00000124596
9.24793132e-9,-0.117718826002274,0.204,0.277,3.3397979200351e-4,OARD1,-0.073,ASC,6,41066261,41066261,1,*,rs114812713,ENST00000464633,protein_coding,ENST00000464633.5,49.6513249651325,ENSG00000124596
9.24793132e-9,-0.117718826002274,0.204,0.277,3.3397979200351e-4,OARD1,-0.073,ASC,6,41066261,41066261,1,*,rs114812713,ENST00000468811,protein_coding,ENST00000468811.5,42.2466422466422,ENSG00000124596
9.24793132e-9,-0.117718826002274,0.204,0.277,3.3397979200351e-4,OARD1,-0.073,ASC,6,41066261,41066261,1,*,rs114812713,ENST00000486443,protein_coding,ENST00000486443.5,48.9528795811518,ENSG00000124596
